{
    "imdata":[
        {
            "fvTenant":{
                "attributes":{
                    "dn":"uni/tn-mgmt",
                    "ownerKey":"",
                    "name":"mgmt",
                    "descr":"",
                    "ownerTag":""
                },
                "children":[
                    {
                        "aaaDomainRef":{
                            "attributes":{
                                "ownerKey":"",
                                "name":"mgmt",
                                "descr":"",
                                "ownerTag":""
                            }
                        }
                    },
                    {
                        "mgmtMgmtP":{
                            "attributes":{
                                "ownerKey":"",
                                "name":"default",
                                "descr":"",
                                "ownerTag":""
                            },
                            "children":[
                                {
                                    "mgmtOoB":{
                                        "attributes":{
                                            "prio":"unspecified",
                                            "name":"default",
                                            "descr":""
                                        }
                                    }
                                },
                                {
                                    "mgmtInB":{
                                        "attributes":{
                                            "prio":"unspecified",
                                            "matchT":"AtleastOne",
                                            "encap":"unknown",
                                            "descr":"",
                                            "name":"default"
                                        },
                                        "children":[
                                            {
                                                "mgmtRsMgmtBD":{
                                                    "attributes":{
                                                        "tnFvBDName":"inb"
                                                    }
                                                }
                                            },
                                            {
                                                "fvRsCustQosPol":{
                                                    "attributes":{
                                                        "tnQosCustomPolName":""
                                                    }
                                                }
                                            }
                                        ]
                                    }
                                }
                            ]
                        }
                    },
                    {
                        "mgmtExtMgmtEntity":{
                            "attributes":{
                                "ownerKey":"",
                                "name":"default",
                                "descr":"",
                                "ownerTag":""
                            }
                        }
                    },
                    {
                        "fvCtx":{
                            "attributes":{
                                "ownerKey":"",
                                "name":"oob",
                                "descr":"",
                                "knwMcastAct":"permit",
                                "ownerTag":"",
                                "pcEnfPref":"enforced"
                            },
                            "children":[
                                {
                                    "fvRsCtxToExtRouteTagPol":{
                                        "attributes":{
                                            "tnL3extRouteTagPolName":""
                                        }
                                    }
                                },
                                {
                                    "fvRsBgpCtxPol":{
                                        "attributes":{
                                            "tnBgpCtxPolName":""
                                        }
                                    }
                                },
                                {
                                    "vzAny":{
                                        "attributes":{
                                            "matchT":"AtleastOne",
                                            "name":"",
                                            "descr":""
                                        }
                                    }
                                },
                                {
                                    "fvRsOspfCtxPol":{
                                        "attributes":{
                                            "tnOspfCtxPolName":""
                                        }
                                    }
                                },
                                {
                                    "fvRsCtxToEpRet":{
                                        "attributes":{
                                            "tnFvEpRetPolName":""
                                        }
                                    }
                                }
                            ]
                        }
                    },
                    {
                        "fvCtx":{
                            "attributes":{
                                "ownerKey":"",
                                "name":"inb",
                                "descr":"",
                                "knwMcastAct":"permit",
                                "ownerTag":"",
                                "pcEnfPref":"enforced"
                            },
                            "children":[
                                {
                                    "fvRsCtxToExtRouteTagPol":{
                                        "attributes":{
                                            "tnL3extRouteTagPolName":""
                                        }
                                    }
                                },
                                {
                                    "fvRsBgpCtxPol":{
                                        "attributes":{
                                            "tnBgpCtxPolName":""
                                        }
                                    }
                                },
                                {
                                    "vzAny":{
                                        "attributes":{
                                            "matchT":"AtleastOne",
                                            "name":"",
                                            "descr":""
                                        }
                                    }
                                },
                                {
                                    "fvRsOspfCtxPol":{
                                        "attributes":{
                                            "tnOspfCtxPolName":""
                                        }
                                    }
                                },
                                {
                                    "fvRsCtxToEpRet":{
                                        "attributes":{
                                            "tnFvEpRetPolName":""
                                        }
                                    }
                                }
                            ]
                        }
                    },
                    {
                        "fvBD":{
                            "attributes":{
                                "ownerKey":"",
                                "name":"inb",
                                "descr":"",
                                "unkMacUcastAct":"proxy",
                                "arpFlood":"no",
                                "limitIpLearnToSubnets":"no",
                                "llAddr":"::",
                                "mac":"00:22:BD:F8:19:FF",
                                "epMoveDetectMode":"",
                                "unicastRoute":"yes",
                                "ownerTag":"",
                                "multiDstPktAct":"bd-flood",
                                "unkMcastAct":"flood"
                            },
                            "children":[
                                {
                                    "fvRsBDToNdP":{
                                        "attributes":{
                                            "tnNdIfPolName":""
                                        }
                                    }
                                },
                                {
                                    "fvRsCtx":{
                                        "attributes":{
                                            "tnFvCtxName":"inb"
                                        }
                                    }
                                },
                                {
                                    "fvRsIgmpsn":{
                                        "attributes":{
                                            "tnIgmpSnoopPolName":""
                                        }
                                    }
                                },
                                {
                                    "fvRsBdToEpRet":{
                                        "attributes":{
                                            "resolveAct":"resolve",
                                            "tnFvEpRetPolName":""
                                        }
                                    }
                                }
                            ]
                        }
                    },
                    {
                        "fvRsTenantMonPol":{
                            "attributes":{
                                "tnMonEPGPolName":""
                            }
                        }
                    }
                ]
            }
        }
    ],
    "totalCount":"1"
}