{
    "imdata":[
        {
            "fvTenant":{
                "attributes":{
                    "dn":"uni/tn-infra",
                    "ownerKey":"",
                    "name":"infra",
                    "descr":"",
                    "ownerTag":""
                },
                "children":[
                    {
                        "aaaDomainRef":{
                            "attributes":{
                                "ownerKey":"",
                                "name":"infra",
                                "descr":"",
                                "ownerTag":""
                            }
                        }
                    },
                    {
                        "igmpSnoopPol":{
                            "attributes":{
                                "ownerKey":"",
                                "name":"default",
                                "descr":"",
                                "ctrl":"opt-flood,querier",
                                "lastMbrIntvl":"1",
                                "queryIntvl":"125",
                                "startQueryIntvl":"125",
                                "rspIntvl":"10",
                                "ownerTag":"",
                                "startQueryCnt":"2"
                            }
                        }
                    },
                    {
                        "fvCtx":{
                            "attributes":{
                                "ownerKey":"",
                                "name":"overlay-1",
                                "descr":"",
                                "knwMcastAct":"permit",
                                "ownerTag":"",
                                "pcEnfPref":"enforced"
                            },
                            "children":[
                                {
                                    "fvRsCtxToExtRouteTagPol":{
                                        "attributes":{
                                            "tnL3extRouteTagPolName":""
                                        }
                                    }
                                },
                                {
                                    "fvRsBgpCtxPol":{
                                        "attributes":{
                                            "tnBgpCtxPolName":""
                                        }
                                    }
                                },
                                {
                                    "vzAny":{
                                        "attributes":{
                                            "matchT":"AtleastOne",
                                            "name":"",
                                            "descr":""
                                        }
                                    }
                                },
                                {
                                    "fvRsOspfCtxPol":{
                                        "attributes":{
                                            "tnOspfCtxPolName":""
                                        }
                                    }
                                },
                                {
                                    "fvRsCtxToEpRet":{
                                        "attributes":{
                                            "tnFvEpRetPolName":""
                                        }
                                    }
                                }
                            ]
                        }
                    },
                    {
                        "fvBD":{
                            "attributes":{
                                "ownerKey":"",
                                "name":"default",
                                "descr":"",
                                "unkMacUcastAct":"proxy",
                                "arpFlood":"no",
                                "limitIpLearnToSubnets":"no",
                                "llAddr":"::",
                                "mac":"00:22:BD:F8:19:FF",
                                "epMoveDetectMode":"",
                                "unicastRoute":"yes",
                                "ownerTag":"",
                                "multiDstPktAct":"bd-flood",
                                "unkMcastAct":"flood"
                            },
                            "children":[
                                {
                                    "fvRsBDToNdP":{
                                        "attributes":{
                                            "tnNdIfPolName":""
                                        }
                                    }
                                },
                                {
                                    "fvRsCtx":{
                                        "attributes":{
                                            "tnFvCtxName":"overlay-1"
                                        }
                                    }
                                },
                                {
                                    "fvRsIgmpsn":{
                                        "attributes":{
                                            "tnIgmpSnoopPolName":""
                                        }
                                    }
                                },
                                {
                                    "fvSubnet":{
                                        "attributes":{
                                            "name":"",
                                            "descr":"",
                                            "ctrl":"",
                                            "ip":"10.0.0.30/27",
                                            "preferred":"no",
                                            "scope":"private"
                                        }
                                    }
                                },
                                {
                                    "fvRsBdToEpRet":{
                                        "attributes":{
                                            "resolveAct":"resolve",
                                            "tnFvEpRetPolName":""
                                        }
                                    }
                                }
                            ]
                        }
                    },
                    {
                        "fvRsTenantMonPol":{
                            "attributes":{
                                "tnMonEPGPolName":""
                            }
                        }
                    },
                    {
                        "fvAp":{
                            "attributes":{
                                "ownerKey":"",
                                "prio":"unspecified",
                                "name":"access",
                                "descr":"",
                                "ownerTag":""
                            },
                            "children":[
                                {
                                    "fvAEPg":{
                                        "attributes":{
                                            "prio":"unspecified",
                                            "matchT":"AtleastOne",
                                            "name":"default",
                                            "descr":""
                                        },
                                        "children":[
                                            {
                                                "fvRsCustQosPol":{
                                                    "attributes":{
                                                        "tnQosCustomPolName":""
                                                    }
                                                }
                                            },
                                            {
                                                "fvRsBd":{
                                                    "attributes":{
                                                        "tnFvBDName":"default"
                                                    }
                                                }
                                            }
                                        ]
                                    }
                                }
                            ]
                        }
                    }
                ]
            }
        }
    ],
    "totalCount":"1"
}