{
    "imdata":[
        {
            "vmmDomP":{
                "attributes":{
                    "dn":"uni/vmmp-VMware/dom-T3-vCenter",
                    "mcastAddr":"0.0.0.0",
                    "ownerKey":"",
                    "name":"T3-vCenter",
                    "mode":"default",
                    "ownerTag":"",
                    "enfPref":"hw"
                },
                "children":[
                    {
                        "vmmRsDefaultStpIfPol":{
                            "attributes":{
                                "tnStpIfPolName":"default"
                            }
                        }
                    },
                    {
                        "vmmRsDefaultFwPol":{
                            "attributes":{
                                "tnNwsFwPolName":"default"
                            }
                        }
                    },
                    {
                        "vmmRsDefaultLldpIfPol":{
                            "attributes":{
                                "tnLldpIfPolName":"default"
                            }
                        }
                    },
                    {
                        "vmmCtrlrP":{
                            "attributes":{
                                "msftConfigIssues":"",
                                "name":"T3-VCSA",
                                "inventoryTrigSt":"untriggered",
                                "statsMode":"disabled",
                                "mode":"default",
                                "scope":"vm",
                                "dvsVersion":"5.5",
                                "hostOrIp":"10.29.103.46",
                                "port":"0",
                                "rootContName":"Tenant3"
                            },
                            "children":[
                                {
                                    "vmmRsAcc":{
                                        "attributes":{
                                            "tDn":"uni/vmmp-VMware/dom-T3-vCenter/usracc-T3-admin"
                                        }
                                    }
                                }
                            ]
                        }
                    },
                    {
                        "infraRsVlanNs":{
                            "attributes":{
                                "tDn":"uni/infra/vlanns-[T3-VMM-VLAN-Pool]-dynamic"
                            }
                        }
                    },
                    {
                        "vmmRsDefaultCdpIfPol":{
                            "attributes":{
                                "tnCdpIfPolName":"default"
                            }
                        }
                    },
                    {
                        "vmmRsDefaultLacpLagPol":{
                            "attributes":{
                                "tnLacpLagPolName":"default"
                            }
                        }
                    },
                    {
                        "vmmRsDefaultL2InstPol":{
                            "attributes":{
                                "tnL2InstPolName":"default"
                            }
                        }
                    },
                    {
                        "vmmUsrAccP":{
                            "attributes":{
                                "usr":"root",
                                "ownerKey":"",
                                "name":"T3-admin",
                                "descr":"",
                                "ownerTag":""
                            }
                        }
                    }
                ]
            }
        }
    ],
    "totalCount":"1"
}