{"nodes":[{"name": "74:26:AC:76:80:5B","type": "endpoint", "size": 1},{"name": "00:50:56:94:D8:73","type": "endpoint", "size": 1},{"name": "00:50:56:94:07:7E","type": "endpoint", "size": 1},{"name": "00:50:56:94:35:9B","type": "endpoint", "size": 1},{"name": "00:50:56:94:9A:1C","type": "endpoint", "size": 1},{"name": "00:50:56:94:F3:CD","type": "endpoint", "size": 1},{"name": "00:50:56:94:17:5E","type": "endpoint", "size": 1},{"name": "00:50:56:94:A9:B5","type": "endpoint", "size": 1},{"name": "00:50:56:94:93:6F","type": "endpoint", "size": 1},{"name": "00:50:56:94:FF:2E","type": "endpoint", "size": 1},{"name": "00:50:56:94:EF:4B","type": "endpoint", "size": 1},{"name": "A0:EC:F9:85:06:30","type": "endpoint", "size": 1},{"name": "00:50:56:00:01:02","type": "endpoint", "size": 1},{"name": "00:50:56:94:58:9D","type": "endpoint", "size": 1},{"name": "00:50:56:94:D0:CC","type": "endpoint", "size": 1},{"name": "00:50:56:94:A5:28","type": "endpoint", "size": 1},{"name": "00:10:94:00:00:04","type": "endpoint", "size": 1},{"name": "00:10:94:00:00:01","type": "endpoint", "size": 1},{"name": "00:50:56:11:22:38","type": "endpoint", "size": 1},{"name": "00:50:56:11:22:73","type": "endpoint", "size": 1},{"name": "00:50:56:11:22:75","type": "endpoint", "size": 1},{"name": "00:50:56:11:22:48","type": "endpoint", "size": 1},{"name": "00:50:56:11:22:54","type": "endpoint", "size": 1},{"name": "00:50:56:11:22:64","type": "endpoint", "size": 1},{"name": "00:50:56:11:22:51","type": "endpoint", "size": 1},{"name": "00:50:56:11:22:33","type": "endpoint", "size": 1},{"name": "00:50:56:11:22:61","type": "endpoint", "size": 1},{"name": "00:50:56:11:22:66","type": "endpoint", "size": 1},{"name": "00:50:56:11:22:47","type": "endpoint", "size": 1},{"name": "00:50:56:11:22:79","type": "endpoint", "size": 1},{"name": "00:50:56:11:22:60","type": "endpoint", "size": 1},{"name": "00:50:56:11:22:76","type": "endpoint", "size": 1},{"name": "00:50:56:11:22:36","type": "endpoint", "size": 1},{"name": "00:22:11:11:11:11","type": "endpoint", "size": 1},{"name": "00:33:11:11:11:11","type": "endpoint", "size": 1},{"name": "00:44:11:11:11:11","type": "endpoint", "size": 1},{"name": "00:55:11:11:11:11","type": "endpoint", "size": 1},{"name": "00:66:11:11:11:11","type": "endpoint", "size": 1},{"name": "00:81:11:11:11:11","type": "endpoint", "size": 1},{"name": "00:82:11:11:11:11","type": "endpoint", "size": 1},{"name": "00:83:11:11:11:11","type": "endpoint", "size": 1},{"name": "00:84:11:11:11:11","type": "endpoint", "size": 1},{"name": "00:85:11:11:11:11","type": "endpoint", "size": 1},{"name": "00:86:11:11:11:11","type": "endpoint", "size": 1},{"name": "00:50:56:11:22:41","type": "endpoint", "size": 1},{"name": "00:50:56:11:22:46","type": "endpoint", "size": 1},{"name": "00:50:56:11:22:55","type": "endpoint", "size": 1},{"name": "00:50:56:11:22:65","type": "endpoint", "size": 1},{"name": "00:50:56:11:22:59","type": "endpoint", "size": 1},{"name": "00:50:56:11:22:67","type": "endpoint", "size": 1},{"name": "00:50:56:11:22:74","type": "endpoint", "size": 1},{"name": "00:50:56:11:22:77","type": "endpoint", "size": 1},{"name": "00:50:56:11:22:56","type": "endpoint", "size": 1},{"name": "00:50:56:11:22:70","type": "endpoint", "size": 1},{"name": "00:50:56:11:22:49","type": "endpoint", "size": 1},{"name": "00:50:56:11:22:40","type": "endpoint", "size": 1},{"name": "00:50:56:11:22:34","type": "endpoint", "size": 1},{"name": "00:50:56:11:22:58","type": "endpoint", "size": 1},{"name": "00:50:56:11:22:43","type": "endpoint", "size": 1},{"name": "00:50:56:11:22:62","type": "endpoint", "size": 1},{"name": "00:50:56:11:22:35","type": "endpoint", "size": 1},{"name": "00:50:56:11:22:63","type": "endpoint", "size": 1},{"name": "00:50:56:11:22:52","type": "endpoint", "size": 1},{"name": "00:50:56:11:22:69","type": "endpoint", "size": 1},{"name": "00:50:56:11:22:68","type": "endpoint", "size": 1},{"name": "00:50:56:11:22:44","type": "endpoint", "size": 1},{"name": "00:50:56:11:22:45","type": "endpoint", "size": 1},{"name": "00:50:56:11:22:50","type": "endpoint", "size": 1},{"name": "00:50:56:11:22:57","type": "endpoint", "size": 1},{"name": "00:50:56:11:22:42","type": "endpoint", "size": 1},{"name": "00:50:56:11:22:39","type": "endpoint", "size": 1},{"name": "00:50:56:11:22:53","type": "endpoint", "size": 1},{"name": "00:50:56:11:22:71","type": "endpoint", "size": 1},{"name": "00:50:56:11:22:37","type": "endpoint", "size": 1},{"name": "00:50:56:11:22:72","type": "endpoint", "size": 1},{"name": "00:50:56:11:22:78","type": "endpoint", "size": 1},{"name": "00:50:56:94:F3:CD","type": "endpoint", "size": 1},{"name": "00:50:56:94:F3:CD","type": "endpoint", "size": 1},{"name": "00:50:56:94:F3:CD","type": "endpoint", "size": 1},{"name": "L102","type": "leaf", "size": 12},{"name": "L103","type": "leaf", "size": 12},{"name": "L101","type": "leaf", "size": 12},{"name": "S101","type": "spine", "size": 12},{"name": "S102","type": "spine", "size": 12}],"links": [{"source":0, "target": 79, "bond": 1},{"source":1, "target": 79, "bond": 1},{"source":2, "target": 80, "bond": 1},{"source":3, "target": 80, "bond": 1},{"source":4, "target": 79, "bond": 1},{"source":5, "target": 79, "bond": 1},{"source":6, "target": 79, "bond": 1},{"source":7, "target": 79, "bond": 1},{"source":8, "target": 79, "bond": 1},{"source":9, "target": 80, "bond": 1},{"source":10, "target": 80, "bond": 1},{"source":11, "target": 81, "bond": 1},{"source":12, "target": 79, "bond": 1},{"source":13, "target": 80, "bond": 1},{"source":14, "target": 80, "bond": 1},{"source":15, "target": 80, "bond": 1},{"source":16, "target": 80, "bond": 1},{"source":17, "target": 79, "bond": 1},{"source":18, "target": 81, "bond": 1},{"source":19, "target": 81, "bond": 1},{"source":20, "target": 81, "bond": 1},{"source":21, "target": 81, "bond": 1},{"source":22, "target": 81, "bond": 1},{"source":23, "target": 81, "bond": 1},{"source":24, "target": 81, "bond": 1},{"source":25, "target": 81, "bond": 1},{"source":26, "target": 81, "bond": 1},{"source":27, "target": 81, "bond": 1},{"source":28, "target": 81, "bond": 1},{"source":29, "target": 81, "bond": 1},{"source":30, "target": 81, "bond": 1},{"source":31, "target": 81, "bond": 1},{"source":32, "target": 81, "bond": 1},{"source":33, "target": 81, "bond": 1},{"source":34, "target": 81, "bond": 1},{"source":35, "target": 81, "bond": 1},{"source":36, "target": 81, "bond": 1},{"source":37, "target": 81, "bond": 1},{"source":38, "target": 81, "bond": 1},{"source":39, "target": 81, "bond": 1},{"source":40, "target": 81, "bond": 1},{"source":41, "target": 81, "bond": 1},{"source":42, "target": 81, "bond": 1},{"source":43, "target": 81, "bond": 1},{"source":44, "target": 81, "bond": 1},{"source":45, "target": 81, "bond": 1},{"source":46, "target": 81, "bond": 1},{"source":47, "target": 81, "bond": 1},{"source":48, "target": 81, "bond": 1},{"source":49, "target": 81, "bond": 1},{"source":50, "target": 81, "bond": 1},{"source":51, "target": 81, "bond": 1},{"source":52, "target": 81, "bond": 1},{"source":53, "target": 81, "bond": 1},{"source":54, "target": 81, "bond": 1},{"source":55, "target": 81, "bond": 1},{"source":56, "target": 81, "bond": 1},{"source":57, "target": 81, "bond": 1},{"source":58, "target": 81, "bond": 1},{"source":59, "target": 81, "bond": 1},{"source":60, "target": 81, "bond": 1},{"source":61, "target": 81, "bond": 1},{"source":62, "target": 81, "bond": 1},{"source":63, "target": 81, "bond": 1},{"source":64, "target": 81, "bond": 1},{"source":65, "target": 81, "bond": 1},{"source":66, "target": 81, "bond": 1},{"source":67, "target": 81, "bond": 1},{"source":68, "target": 81, "bond": 1},{"source":69, "target": 81, "bond": 1},{"source":70, "target": 81, "bond": 1},{"source":71, "target": 81, "bond": 1},{"source":72, "target": 81, "bond": 1},{"source":73, "target": 81, "bond": 1},{"source":74, "target": 81, "bond": 1},{"source":75, "target": 81, "bond": 1},{"source":76, "target": 79, "bond": 1},{"source":77, "target": 79, "bond": 1},{"source":78, "target": 79, "bond": 1},{"source":79, "target": 82, "bond": 1},{"source":79, "target": 83, "bond": 1},{"source":80, "target": 82, "bond": 1},{"source":80, "target": 83, "bond": 1},{"source":81, "target": 82, "bond": 1},{"source":81, "target": 83, "bond": 1}]}
